"","Dimension","L","Stepsize","ESS","ESS.L","AR"
"1",2,1,2.5,44.770577631412,44.770577631412,0.0246
"2",2,2,1.25,781.627958966853,390.813979483426,0.2218
"3",2,3,0.833333333333333,3370.27416280926,1123.42472093642,0.7047
"4",2,4,0.625,4428.7817955075,1107.19544887688,0.8468
"5",2,5,0.5,5214.73609820123,1042.94721964025,0.9161
